MID-01	ACGAGTGCGT
MID-02	ACGCTCGACA
MID-03	AGACGCACTC
MID-04	AGCACTGTAG
MID-05	ATCAGACACG
MID-06	ATATCGCGAG
MID-07	CGTGTCTCTA
MID-08	CTCGCGTGTC
MID-10	TCTCTATGCG
MID-11	TGATACGTCT
MID-13	CATAGTAGTG
MID-14	CGAGAGATAC
MID-15	ATACGACGTA
MID-16	TCACGTACTA
MID-17	CGTCTAGTAC
MID-18	TCTACGTAGC
MID-19	TGTACTACTC
MID-20	ACGACTACAG
MID-21	CGTAGACTAG
MID-22	TACGAGTATG
MID-23	TACTCTCGTG
MID-24	TAGAGACGAG
MID-25	TCGTCGCTCG
MID-26	ACATACGCGT
MID-27	ACGCGAGTAT
MID-28	ACTACTATGT
MID-29	ACTGTACAGT
MID-30	AGACTATACT
MID-31	AGCGTCGTCT
MID-32	AGTACGCTAT
MID-33	ATAGAGTACT
MID-34	CACGCTACGT
MID-35	CAGTAGACGT
MID-36	CGACGTGACT
MID-37	TACACACACT
MID-38	TACACGTGAT
MID-39	TACAGATCGT
MID-40	TACGCTGTCT
MID-41	TAGTGTAGAT
MID-42	TCGATCACGT
MID-43	TCGCACTAGT
MID-44	TCTAGCGACT
MID-45	TCTATACTAT
MID-46	TGACGTATGT
MID-47	TGTGAGTAGT
MID-48	ACAGTATATA
MID-49	ACGCGATCGA
MID-50	ACTAGCAGTA
MID-51	AGCTCACGTA
MID-52	AGTATACATA
MID-53	AGTCGAGAGA
MID-54	AGTGCTACGA
MID-55	CGATCGTATA
MID-56	CGCAGTACGA
MID-57	CGCGTATACA
MID-58	CGTACAGTCA
MID-59	CGTACTCAGA
MID-60	CTACGCTCTA
MID-61	CTATAGCGTA
MID-62	TACGTCATCA
MID-63	TAGTCGCATA
MID-64	TATATATACA
MID-65	TATGCTAGTA
MID-66	TCACGCGAGA
MID-67	TCGATAGTGA
MID-68	TCGCTGCGTA
MID-69	TCTGACGTCA
MID-70	TGAGTCAGTA
MID-71	TGTAGTGTGA
MID-72	TGTCACACGA
MID-73	TGTCGTCGCA
MID-74	ACACATACGC
MID-75	ACAGTCGTGC
MID-76	ACATGACGAC
MID-77	ACGACAGCTC
MID-78	ACGTCTCATC
MID-79	ACTCATCTAC
MID-80	ACTCGCGCAC
MID-81	AGAGCGTCAC
MID-82	AGCGACTAGC
MID-83	AGTAGTGATC
MID-84	AGTGACACAC
MID-85	AGTGTATGTC
MID-86	ATAGATAGAC
MID-87	ATATAGTCGC
MID-88	ATCTACTGAC
MID-89	CACGTAGATC
MID-90	CACGTGTCGC
MID-91	CATACTCTAC
MID-92	CGACACTATC
MID-93	CGAGACGCGC
MID-94	CGTATGCGAC
MID-95	CGTCGATCTC
MID-96	CTACGACTGC
MID-97	CTAGTCACTC
MID-98	CTCTACGCTC