IX-01	CTAAGGTAAC
IX-02	TAAGGAGAAC
IX-03	AAGAGGATTC
IX-04	TACCAAGATC
IX-05	CAGAAGGAAC
IX-06	CTGCAAGTTC
IX-07	TTCGTGATTC
IX-08	TTCCGATAAC
IX-09	TGAGCGGAAC
IX-10	CTGACCGAAC
IX-11	TCCTCGAATC
IX-12	TAGGTGGTTC
IX-13	TCTAACGGAC
IX-14	TTGGAGTGTC
IX-15	TCTAGAGGTC
IX-16	TCTGGATGAC
IX-17	TCTATTCGTC
IX-18	AGGCAATTGC
IX-19	TTAGTCGGAC
IX-20	CAGATCCATC
IX-21	TCGCAATTAC
IX-22	TTCGAGACGC
IX-23	TGCCACGAAC
IX-24	AACCTCATTC
IX-25	CCTGAGATAC
IX-26	TTACAACCTC
IX-27	AACCATCCGC
IX-28	ATCCGGAATC
IX-29	TCGACCACTC
IX-30	CGAGGTTATC
IX-31	TCCAAGCTGC
IX-32	TCTTACACAC
IX-33	TTCTCATTGAAC
IX-34	TCGCATCGTTC
IX-35	TAAGCCATTGTC
IX-36	AAGGAATCGTC
IX-37	CTTGAGAATGTC
IX-38	TGGAGGACGGAC
IX-39	TAACAATCGGC
IX-40	CTGACATAATC
IX-41	TTCCACTTCGC
IX-42	AGCACGAATC
IX-43	CTTGACACCGC
IX-44	TTGGAGGCCAGC
IX-45	TGGAGCTTCCTC
IX-46	TCAGTCCGAAC
IX-47	TAAGGCAACCAC
IX-48	TTCTAAGAGAC
IX-49	TCCTAACATAAC
IX-50	CGGACAATGGC
IX-51	TTGAGCCTATTC
IX-52	CCGCATGGAAC
IX-53	CTGGCAATCCTC
IX-54	CCGGAGAATCGC
IX-55	TCCACCTCCTC
IX-56	CAGCATTAATTC
IX-57	TCTGGCAACGGC
IX-58	TCCTAGAACAC
IX-59	TCCTTGATGTTC
IX-60	TCTAGCTCTTC
IX-61	TCACTCGGATC
IX-62	TTCCTGCTTCAC
IX-63	CCTTAGAGTTC
IX-64	CTGAGTTCCGAC
IX-65	TCCTGGCACATC
IX-66	CCGCAATCATC
IX-67	TTCCTACCAGTC
IX-68	TCAAGAAGTTC
IX-69	TTCAATTGGC
IX-70	CCTACTGGTC
IX-71	TGAGGCTCCGAC
IX-72	CGAAGGCCACAC
IX-73	TCTGCCTGTC
IX-74	CGATCGGTTC
IX-75	TCAGGAATAC
IX-76	CGGAAGAACCTC
IX-77	CGAAGCGATTC
IX-78	CAGCCAATTCTC
IX-79	CCTGGTTGTC
IX-80	TCGAAGGCAGGC
IX-81	CCTGCCATTCGC
IX-82	TTGGCATCTC
IX-83	CTAGGACATTC
IX-84	CTTCCATAAC
IX-85	CCAGCCTCAAC
IX-86	CTTGGTTATTC
IX-87	TTGGCTGGAC
IX-88	CCGAACACTTC
IX-89	TCCTGAATCTC
IX-90	CTAACCACGGC
IX-91	CGGAAGGATGC
IX-92	CTAGGAACCGC
IX-93	CTTGTCCAATC
IX-94	TCCGACAAGC
IX-95	CGGACAGATC
IX-96	TTAAGCGGTC
